date,num_subreddits
"2024-02-13 00:00:00",4367
"2024-02-12 00:00:00",4367
"2024-02-11 00:00:00",4367
"2024-02-10 00:00:00",4351
"2024-02-09 00:00:00",4357
"2024-02-08 00:00:00",4351
"2024-02-07 00:00:00",4336
"2024-02-06 00:00:00",4336
"2024-02-05 00:00:00",4336
"2024-02-04 00:00:00",4341
"2024-02-03 00:00:00",4350
"2024-02-02 00:00:00",4358
"2024-01-23 00:00:00",4344
"2024-01-22 00:00:00",4347
"2024-01-21 00:00:00",4359
"2024-01-20 00:00:00",4360
"2024-01-19 00:00:00",4326
"2024-01-18 00:00:00",4328
"2024-01-17 00:00:00",4341
"2024-01-16 00:00:00",4343
"2024-01-15 00:00:00",4343
"2024-01-14 00:00:00",4371
"2024-01-13 00:00:00",4367
"2024-01-12 00:00:00",4371
"2024-01-11 00:00:00",4359
"2024-01-10 00:00:00",4378
"2024-01-09 00:00:00",4380
"2024-01-08 00:00:00",4380
"2024-01-07 00:00:00",4366
"2024-01-06 00:00:00",4372
"2024-01-05 00:00:00",4346
"2024-01-04 00:00:00",4305
"2024-01-03 00:00:00",4303
"2024-01-02 00:00:00",4305
"2024-01-01 00:00:00",4304
"2023-12-31 00:00:00",4304
